Variable,Mean_Pre,Mean_Post,Mean_Diff,Direction,Std_Diff,Cohen_d,F_Value,p_Value
Spezielle Straßenverkehr Performance (Reaktion Quoten),0.34291666666666665,0.7703240740740741,0.42740740740740746,improvement,0.16619759700155787,2.5716822331877704,119.04389115288552,4.252566255526155e-09
Spezielle Straßenverkehr Performance (Reaktion Skalen),3.8947368421052633,5.368421052631579,1.4736842105263155,improvement,0.7354832917984064,2.003695021980523,76.28108108108108,6.8693409822531e-08
Spezielle Straßenverkehr Performance (Stresslevel),3.8157894736842106,6.026315789473684,2.2105263157894735,improvement,0.7873265148181361,2.8076360622759937,149.7735849056604,3.675224740678616e-10
Spezielle Straßenverkehr Performance (Anpassung),3.6710526315789473,5.807017543859649,2.1359649122807016,improvement,0.9927245082689049,2.151618998512849,87.95982198046727,2.374316842519193e-08
