,Fahrfaehigkeiten_Scales_Diff,Fahrfaehigkeiten_Quoten_Diff,Selbstvertrauen_Scales_Diff,Strassenverkehr_Performance_Scales_Diff,Strassenverkehr_Performance_Quoten_Diff
SS03_Composite,-0.2701833358538727,-0.010434742420021171,0.5480091160626287,-0.1587626180468497,-0.2786670330140922
SS04_Composite,0.02377379950734992,0.2522458573616568,0.3143485367462807,0.0392443810648705,0.33042081457667144
ET_SimRacing_Training_geholfen_Fahrfaehigkeiten_zu_verbessern_postQ,0.3657617937781336,0.49351315790965333,0.2020038645965893,0.3612997648387632,0.516102342256988
