Variable,Mean_Pre,Mean_Post,Mean_Diff,Direction,Std_Diff,Cohen_d,F_Value,p_Value
Spezielle Fahrfaehigkeiten (Beschleunigen),4.131578947368421,5.7894736842105265,1.6578947368421053,improvement,0.7463360796984486,2.2213782529607373,93.75590551181105,1.463342747861323e-08
Spezielle Fahrfaehigkeiten (Bremsen),3.1052631578947367,5.7368421052631575,2.631578947368421,improvement,1.3523858060557472,1.945878857634168,71.94244604316549,1.054985002408967e-07
Spezielle Fahrfaehigkeiten (Kurven),3.7192982456140347,5.771929824561403,2.0526315789473686,improvement,0.9510433380236782,2.158294471851149,88.50646551724141,2.2658138032029563e-08
Spezielle Fahrfaehigkeiten (Fahrzeugkontrolle),3.6578947368421053,5.7631578947368425,2.105263157894737,improvement,0.936585811581694,2.2478059477960657,96.00000000000003,1.2215497935023931e-08
