Variable,Mean_Pre,Mean_Post,Mean_Diff,Direction,Std_Diff,Cohen_d,F_Value,p_Value
Fahrfähigkeiten (Skalen),3.5974145891043396,5.221975992613112,1.6245614035087725,improvement,0.6867788055346568,2.3654798173977616,106.31440056380673,5.564034929927162e-09
Fahrfähigkeiten (Quoten),0.537038833643248,0.7630805508394642,0.22604171719621624,improvement,0.08364820258328162,2.7022901893338966,138.74507308003444,6.802885843106022e-10
Nordschleife (Rundenzeit),856.4061578947369,786.0094210526316,-70.39673684210527,deterioration,30.642254025450445,-2.2973746247138367,100.2806731593018,8.740359174102101e-09
Selbstvertrauen (Skalen),3.008403361344538,4.256302521008404,1.2478991596638664,improvement,0.7542894544088582,1.6544035613514623,46.52986944481076,4.10737471907699e-06
Straßenverkehr Performance (Skalen),3.7736842105263153,5.778947368421053,2.005263157894738,improvement,0.7396832119637963,2.7109756250529657,139.63838795299478,6.461574316115712e-10
Straßenverkehr Performance (Quoten),0.34291666666666665,0.7703240740740741,0.42740740740740746,improvement,0.16619759700155787,2.5716822331877704,119.04389115288552,4.252566255526155e-09
