Variable,Mean_Analysis_Group,Mean_No_Analysis_Group,Direction,Cohen_d,t_stat,p_value,n_Analysis_Group,n_No_Analysis_Group
Fahrfähigkeiten (Skalen),1.8002923976608187,1.3233082706766919,Analysis group improved more,0.7188825985629358,1.6276736729115673,0.12367035146922731,12,7
Fahrfähigkeiten (Quoten),0.2361170848267622,0.20876965840099476,Analysis group improved more,0.3219770443313427,0.6625656727418158,0.5202595280802134,12,7
Selbstvertrauen (Skalen),1.3441558441558439,1.0714285714285712,Analysis group improved more,0.3557755235924232,0.6378982343712494,0.5412883106631691,11,6
Straßenverkehr Performance (Skalen),2.0569444444444445,1.9166666666666667,Analysis group improved more,0.18512200501815804,0.43797409808326576,0.6669953747684134,12,7
Straßenverkehr Performance (Quoten),0.4768181818181818,0.3497619047619048,Analysis group improved more,0.8030622007336762,1.487070313227507,0.17177788012663855,11,7
